{
    "XGBoost": {
        "MAE": 1407.45066442781,
        "R2": 0.9945725084637365
    },
    "Random Forest": {
        "MAE": 4.232103745592953,
        "R2": 0.9999992858722838
    },
    "LightGBM": {
        "MAE": 995.7522936603449,
        "R2": 0.9952294700632252
    },
    "Linear Regression": {
        "MAE": 6.012593881063968e-10,
        "R2": 1.0
    },
    "Decision Tree": {
        "MAE": 6.399685094578023,
        "R2": 0.9999992335864581
    }
}